Directory Name,Approach the following question the way someone with a PhD in mathematics would.json,You are an expert in number theory. Solve the following problem.json
41,no,yes
54,no,no
56,yes,yes
70,yes,yes
98,yes,no
120,no,no
130,yes,no
140,yes,yes
146,yes,yes
151,yes,yes
157,no,no
163,no,no
167,yes,yes
179,yes,no
193,yes,no
216,yes,yes
228,no,yes
242,yes,no
243,no,yes
249,yes,yes
258,yes,yes
263,yes,yes
270,yes,yes
272,yes,yes
275,yes,no
289,yes,yes
290,yes,no
300,yes,yes
312,no,no
322,yes,no
336,yes,yes
339,no,no
348,no,no
365,no,no
372,yes,no
375,no,yes
386,yes,no
388,no,no
402,no,yes
413,no,yes
425,yes,yes
443,no,yes
455,no,yes
472,yes,no
474,no,yes
479,yes,yes
480,yes,no
492,no,no
499,no,yes
502,yes,no
508,yes,yes
514,no,no
538,no,no
539,no,yes
547,no,no
573,no,no
587,yes,no
589,yes,yes
591,yes,yes
594,no,no
605,no,no
614,no,yes
616,yes,yes
617,yes,no
621,yes,yes
638,yes,yes
644,yes,no
646,yes,no
648,no,yes
661,yes,yes
663,yes,yes
673,yes,yes
675,yes,yes
706,no,no
708,no,yes
713,yes,no
714,no,yes
727,yes,yes
738,yes,no
747,yes,yes
749,yes,no
750,no,no
758,yes,no
760,no,yes
761,yes,yes
763,yes,no
770,yes,yes
775,no,yes
778,no,yes
790,yes,yes
791,no,yes
796,yes,yes
798,yes,yes
801,yes,yes
813,yes,yes
823,yes,yes
824,yes,no
825,yes,yes
833,no,no
834,no,yes
840,yes,yes
844,yes,yes
855,yes,yes
865,yes,no
870,no,no
871,no,yes
874,no,yes
875,no,no
882,no,no
883,yes,no
885,yes,no
888,no,no
890,no,no
893,yes,yes
903,yes,yes
907,no,yes
912,no,no
929,no,no
930,yes,no
932,yes,yes
935,no,yes
938,yes,no
943,yes,yes
949,yes,yes
968,yes,yes
984,yes,yes
988,yes,yes
997,yes,yes
1001,yes,no
1003,no,no
1006,yes,yes
1013,no,no
1017,no,no
1020,no,yes
1025,yes,no
1026,yes,yes
1028,yes,yes
1039,yes,yes
1045,yes,yes
1051,yes,yes
1068,no,no
1070,no,no
1071,yes,yes
1073,yes,no
1074,no,yes
1079,no,no
1083,no,no
1088,yes,yes
1095,yes,yes
1099,yes,yes
1106,yes,yes
1113,no,yes
1116,no,no
1132,no,no
1139,no,yes
1141,yes,yes
1148,yes,no
1150,no,no
1151,yes,no
1154,yes,yes
1157,yes,yes
1164,no,no
1167,yes,yes
1169,yes,yes
1173,yes,no
1192,yes,yes
1195,yes,no
1197,yes,no
1211,no,no
1213,yes,yes
1216,no,yes
1220,no,yes
1223,no,yes
1224,yes,yes
1228,no,yes
1232,yes,yes
1234,no,no
1235,no,no
1236,yes,yes
1237,yes,yes
1244,yes,yes
1253,yes,no
1255,yes,yes
1258,yes,yes
1263,yes,yes
1266,yes,yes
1267,no,yes
1270,yes,no
1280,no,no
1285,no,no
1286,no,yes
1290,no,no
7000,no,no
7001,no,yes
7002,yes,yes
7003,yes,yes
7004,no,no
7005,no,yes
7006,yes,yes
7008,yes,yes
7009,yes,yes
7010,no,yes
7011,yes,yes
7012,no,yes
7013,no,yes
7014,no,yes
7015,yes,yes
7016,yes,yes
7017,no,yes
7018,no,no
7019,yes,no
7021,no,no
7023,no,no
7024,yes,yes
7025,yes,yes
7026,yes,no
7027,yes,no
7028,no,no
7029,no,no
7030,yes,yes
7031,no,no
7032,yes,no
7033,no,no
7034,yes,yes
7035,no,no
7036,no,no
7037,no,no
7038,yes,no
7039,yes,yes
7040,yes,no
7041,yes,yes
7043,yes,yes
7044,no,yes
7045,yes,yes
7046,no,yes
7047,no,no
7048,yes,yes
7049,no,no
7050,no,yes
7051,no,no
7052,yes,no
7053,yes,no
7054,no,no
7055,no,yes
7056,no,yes
7057,no,no
7058,no,no
7060,yes,yes
7061,no,no
7062,yes,yes
7063,no,no
7064,N/A,no
7065,no,no
7066,no,yes
7069,no,no
7070,no,no
7071,no,yes
7072,yes,no
7073,yes,yes
7074,no,no
7075,no,no
7077,no,no
7078,no,no
7081,no,no
7082,yes,no
7083,no,yes
7084,yes,yes
7086,yes,no
7087,yes,yes
7088,yes,no
7089,yes,no
7090,no,yes
7091,no,no
7092,no,yes
7093,no,no
7094,no,no
7095,no,yes
7096,yes,no
7097,no,no
7098,no,no
7099,yes,no
7100,yes,no
7101,yes,yes
7102,no,yes
7103,no,no
7104,no,no
7105,no,no
7106,yes,no
7107,no,no
7108,no,no
7109,yes,no
7110,no,no
7111,yes,no
7112,yes,yes
7113,yes,yes
7114,yes,yes
7115,yes,yes
7116,no,yes
7117,yes,yes
7118,no,yes
7119,no,yes
7120,no,yes
7121,no,no
7122,no,no
7123,no,yes
7124,no,no
7125,no,yes
7126,yes,no
7127,no,yes
7128,no,yes
7129,yes,yes
24793,yes,no
25861,yes,yes
