Directory Name,Approach the following multiple choice question the way a physician would.json,Approach the following multiple choice question the way a medical researcher would.json,Approach the following multiple choice question the way a doctor would.json,Solve the following multiple choice question.json
1,yes,yes,yes,yes
2,no,yes,no,no
3,N/A,N/A,N/A,N/A
4,N/A,N/A,N/A,N/A
5,no,no,yes,no
6,yes,yes,yes,no
7,N/A,N/A,N/A,N/A
8,yes,yes,yes,no
9,no,yes,yes,yes
10,yes,yes,yes,no
11,no,yes,yes,no
12,N/A,N/A,N/A,N/A
13,yes,no,no,yes
14,N/A,N/A,N/A,N/A
15,yes,yes,yes,yes
16,yes,yes,yes,yes
17,yes,yes,yes,yes
18,N/A,N/A,N/A,N/A
19,no,yes,no,yes
20,yes,yes,yes,no
21,N/A,N/A,N/A,N/A
22,no,yes,no,no
23,N/A,N/A,N/A,N/A
24,no,yes,no,yes
25,yes,yes,yes,yes
26,yes,yes,yes,no
27,yes,yes,yes,yes
28,no,yes,no,yes
29,yes,no,no,no
30,yes,no,no,no
31,N/A,N/A,N/A,N/A
32,N/A,N/A,N/A,N/A
33,no,yes,yes,no
34,N/A,N/A,N/A,N/A
35,yes,yes,yes,yes
36,yes,yes,yes,yes
37,N/A,N/A,N/A,N/A
38,N/A,N/A,N/A,N/A
39,yes,yes,yes,no
40,no,yes,no,yes
41,N/A,N/A,N/A,N/A
42,N/A,N/A,N/A,N/A
43,yes,yes,yes,yes
44,no,yes,yes,yes
45,N/A,N/A,N/A,N/A
46,yes,yes,yes,no
47,N/A,N/A,N/A,N/A
48,no,yes,yes,no
49,yes,yes,yes,no
50,yes,yes,yes,yes
51,N/A,N/A,N/A,N/A
52,yes,yes,no,no
53,N/A,N/A,N/A,N/A
54,yes,yes,yes,no
55,yes,yes,yes,no
56,N/A,N/A,N/A,N/A
57,N/A,N/A,N/A,N/A
58,N/A,N/A,N/A,N/A
59,yes,yes,yes,no
60,no,yes,yes,yes
61,N/A,N/A,N/A,N/A
62,no,yes,no,yes
63,yes,yes,yes,no
64,no,yes,yes,no
65,no,yes,yes,no
66,N/A,N/A,N/A,N/A
67,N/A,N/A,N/A,N/A
68,yes,yes,yes,yes
69,yes,yes,yes,no
70,yes,yes,yes,no
71,yes,yes,yes,no
72,no,yes,yes,yes
73,N/A,N/A,N/A,N/A
74,no,no,no,yes
75,yes,yes,no,no
76,N/A,N/A,N/A,N/A
77,yes,no,no,yes
78,no,yes,no,no
79,N/A,N/A,N/A,N/A
80,yes,yes,yes,no
81,N/A,N/A,N/A,N/A
82,N/A,N/A,N/A,N/A
83,no,yes,yes,no
84,no,no,no,no
85,no,yes,yes,no
86,yes,yes,yes,yes
87,no,yes,no,no
88,yes,no,no,yes
89,yes,yes,yes,yes
90,no,yes,no,yes
91,N/A,N/A,N/A,N/A
92,yes,yes,yes,yes
93,N/A,N/A,N/A,N/A
94,yes,yes,yes,no
95,yes,yes,yes,no
96,no,no,no,no
97,yes,yes,yes,no
98,yes,yes,yes,no
99,no,no,yes,no
100,yes,yes,yes,yes
101,no,no,no,no
102,yes,yes,no,no
103,no,yes,yes,no
104,yes,yes,yes,yes
105,yes,yes,yes,no
106,no,yes,no,no
107,N/A,N/A,N/A,N/A
108,yes,yes,yes,no
109,yes,yes,yes,yes
110,N/A,N/A,N/A,N/A
111,N/A,N/A,N/A,N/A
112,yes,yes,no,no
113,yes,yes,no,no
114,N/A,N/A,N/A,N/A
115,N/A,N/A,N/A,N/A
116,yes,yes,no,no
117,N/A,N/A,N/A,N/A
118,no,yes,yes,yes
119,no,yes,yes,no
120,yes,no,yes,no
121,N/A,N/A,N/A,N/A
122,yes,yes,yes,no
123,N/A,N/A,N/A,N/A
124,N/A,N/A,N/A,N/A
125,N/A,N/A,N/A,N/A
126,N/A,N/A,N/A,N/A
127,yes,yes,no,yes
128,yes,yes,yes,yes
129,yes,yes,yes,yes
130,yes,yes,yes,yes
131,no,yes,yes,yes
132,yes,no,yes,no
133,N/A,N/A,N/A,N/A
134,yes,no,yes,no
135,N/A,N/A,N/A,N/A
136,no,no,no,no
137,yes,yes,yes,yes
138,yes,yes,yes,no
139,N/A,N/A,N/A,N/A
140,yes,no,yes,no
141,yes,yes,yes,no
142,N/A,N/A,N/A,N/A
143,yes,yes,yes,no
144,yes,yes,yes,yes
145,yes,yes,yes,yes
146,no,yes,no,no
147,N/A,N/A,N/A,N/A
148,yes,no,yes,no
149,yes,yes,no,yes
150,N/A,N/A,N/A,N/A
151,yes,yes,no,no
152,no,yes,yes,yes
153,N/A,N/A,N/A,N/A
154,yes,yes,yes,yes
155,yes,yes,yes,yes
156,yes,yes,yes,no
157,no,yes,yes,no
158,N/A,no,no,yes
159,no,yes,yes,no
160,yes,yes,yes,yes
161,yes,yes,yes,yes
162,yes,yes,yes,no
163,yes,yes,no,yes
164,N/A,N/A,N/A,N/A
165,yes,no,yes,yes
166,yes,yes,yes,yes
167,N/A,N/A,N/A,N/A
168,yes,yes,yes,yes
169,yes,yes,yes,yes
170,N/A,N/A,N/A,N/A
171,N/A,N/A,N/A,N/A
172,no,yes,yes,no
173,yes,yes,no,no
174,yes,yes,yes,yes
175,no,yes,no,no
176,N/A,N/A,N/A,N/A
177,yes,yes,yes,yes
178,yes,yes,yes,yes
179,no,no,yes,no
180,N/A,N/A,N/A,N/A
181,no,no,no,no
182,yes,yes,yes,no
183,N/A,N/A,N/A,N/A
184,yes,yes,yes,yes
185,yes,yes,yes,yes
186,N/A,N/A,N/A,N/A
187,N/A,N/A,N/A,N/A
188,yes,yes,no,no
189,yes,yes,yes,yes
190,yes,yes,yes,no
191,yes,no,yes,yes
192,yes,yes,yes,no
193,yes,yes,yes,no
194,no,yes,no,yes
195,yes,yes,yes,yes
196,yes,yes,no,yes
197,yes,yes,yes,no
198,no,yes,yes,no
199,yes,yes,yes,no
200,yes,yes,no,no
201,no,no,no,no
202,N/A,N/A,N/A,N/A
203,yes,yes,yes,no
204,N/A,N/A,N/A,N/A
205,yes,yes,no,yes
206,N/A,N/A,N/A,N/A
207,yes,yes,yes,yes
208,N/A,N/A,N/A,N/A
209,no,yes,yes,no
210,no,no,no,no
211,yes,yes,yes,no
212,N/A,N/A,N/A,N/A
213,no,yes,yes,yes
214,N/A,N/A,N/A,N/A
215,yes,yes,yes,no
216,N/A,N/A,N/A,N/A
217,N/A,N/A,N/A,N/A
218,yes,yes,yes,yes
219,N/A,N/A,N/A,N/A
220,yes,yes,no,no
221,yes,yes,yes,yes
222,N/A,N/A,N/A,N/A
223,no,no,no,yes
224,yes,yes,yes,no
225,yes,yes,no,no
226,yes,yes,yes,no
227,N/A,N/A,N/A,N/A
228,N/A,N/A,N/A,N/A
229,yes,yes,yes,no
230,N/A,N/A,N/A,N/A
231,yes,yes,yes,no
232,no,yes,no,no
233,yes,yes,yes,yes
234,no,no,no,no
235,N/A,N/A,N/A,N/A
236,yes,no,yes,no
237,yes,yes,yes,yes
238,no,yes,yes,no
239,yes,yes,yes,no
240,yes,yes,yes,no
241,yes,yes,yes,no
242,no,yes,yes,no
243,N/A,N/A,N/A,N/A
244,N/A,N/A,N/A,N/A
245,N/A,N/A,N/A,N/A
246,N/A,N/A,N/A,N/A
247,N/A,N/A,N/A,N/A
248,N/A,N/A,N/A,N/A
249,N/A,N/A,N/A,N/A
250,N/A,N/A,N/A,N/A
251,no,no,no,no
252,N/A,N/A,N/A,N/A
253,yes,yes,yes,no
254,yes,yes,yes,yes
255,N/A,N/A,N/A,N/A
256,yes,yes,yes,no
257,yes,yes,yes,yes
258,no,yes,yes,yes
259,no,yes,no,yes
260,no,yes,no,no
261,yes,yes,yes,no
262,yes,yes,yes,yes
263,N/A,N/A,N/A,N/A
264,yes,yes,no,yes
265,no,no,no,no
266,yes,yes,yes,no
267,yes,yes,yes,yes
268,N/A,N/A,N/A,N/A
269,N/A,N/A,N/A,N/A
270,no,yes,yes,yes
271,yes,no,no,yes
272,N/A,N/A,N/A,N/A
273,yes,yes,yes,no
274,no,no,N/A,no
275,N/A,N/A,N/A,N/A
276,no,yes,yes,no
277,yes,yes,yes,no
278,no,yes,no,no
279,N/A,N/A,N/A,N/A
280,yes,yes,yes,yes
281,no,yes,yes,no
282,N/A,N/A,N/A,N/A
283,N/A,N/A,N/A,N/A
284,no,yes,no,no
285,N/A,N/A,N/A,N/A
286,yes,yes,yes,yes
287,N/A,N/A,N/A,N/A
288,yes,yes,yes,no
289,no,yes,yes,no
290,yes,yes,yes,yes
291,N/A,N/A,N/A,N/A
292,N/A,N/A,N/A,N/A
293,N/A,N/A,N/A,N/A
294,N/A,N/A,N/A,N/A
295,yes,yes,no,yes
296,N/A,N/A,N/A,N/A
297,yes,yes,yes,yes
298,yes,yes,no,no
299,yes,yes,no,no
300,yes,yes,yes,no
301,N/A,N/A,N/A,N/A
302,N/A,N/A,N/A,N/A
303,no,no,no,yes
304,no,yes,yes,no
305,yes,yes,yes,no
306,yes,yes,no,no
307,no,no,no,yes
308,N/A,N/A,N/A,N/A
309,N/A,N/A,N/A,N/A
310,N/A,N/A,N/A,N/A
311,N/A,N/A,N/A,N/A
312,yes,yes,yes,yes
313,yes,yes,yes,yes
314,N/A,N/A,N/A,N/A
315,N/A,N/A,N/A,N/A
316,no,yes,yes,yes
317,N/A,N/A,N/A,N/A
318,N/A,N/A,N/A,N/A
319,yes,yes,yes,no
320,no,no,yes,no
321,N/A,N/A,N/A,N/A
322,no,no,yes,no
323,N/A,N/A,N/A,N/A
324,no,yes,no,no
325,yes,yes,yes,no
326,yes,yes,no,no
327,yes,yes,yes,no
328,yes,yes,yes,yes
329,yes,yes,yes,yes
330,N/A,N/A,N/A,N/A
331,N/A,N/A,N/A,N/A
332,yes,yes,yes,yes
333,yes,yes,no,no
334,no,yes,no,yes
335,yes,yes,yes,yes
336,yes,no,yes,no
337,yes,yes,yes,yes
338,yes,yes,yes,yes
339,N/A,N/A,N/A,N/A
340,N/A,N/A,N/A,N/A
341,yes,no,yes,yes
342,N/A,N/A,N/A,N/A
343,yes,yes,no,no
344,N/A,N/A,N/A,N/A
345,yes,no,no,no
346,yes,yes,yes,no
347,N/A,N/A,N/A,N/A
348,N/A,N/A,N/A,N/A
349,yes,yes,yes,yes
350,yes,yes,yes,yes
351,yes,yes,yes,no
352,yes,yes,yes,no
353,yes,no,yes,no
354,N/A,N/A,N/A,N/A
355,no,no,no,yes
356,yes,yes,yes,no
357,N/A,N/A,N/A,N/A
358,yes,yes,no,no
359,yes,yes,yes,no
360,yes,yes,no,no
361,yes,no,no,no
362,N/A,N/A,N/A,N/A
363,no,yes,yes,yes
364,N/A,N/A,N/A,N/A
365,yes,yes,yes,no
366,N/A,N/A,N/A,N/A
367,N/A,N/A,N/A,N/A
368,N/A,N/A,N/A,N/A
369,yes,yes,yes,no
370,yes,no,no,no
371,yes,yes,yes,yes
372,yes,yes,yes,yes
373,yes,yes,yes,no
374,N/A,N/A,N/A,N/A
375,no,yes,yes,no
376,yes,no,yes,yes
377,yes,yes,no,yes
378,yes,yes,yes,yes
379,yes,no,yes,no
380,no,yes,yes,yes
381,yes,yes,yes,yes
382,yes,yes,yes,no
383,N/A,N/A,N/A,N/A
384,yes,no,yes,no
385,N/A,N/A,N/A,N/A
386,N/A,N/A,N/A,N/A
387,N/A,N/A,N/A,N/A
388,N/A,N/A,N/A,N/A
389,yes,yes,yes,no
390,yes,no,no,no
391,no,yes,yes,no
392,yes,yes,yes,no
393,no,yes,no,no
394,yes,no,no,yes
395,yes,yes,yes,no
396,yes,yes,yes,yes
397,yes,yes,yes,yes
398,no,no,no,no
399,no,yes,yes,yes
400,yes,yes,yes,yes
401,N/A,N/A,N/A,N/A
402,yes,no,yes,no
403,no,yes,yes,no
404,N/A,N/A,N/A,N/A
405,N/A,N/A,N/A,N/A
406,yes,yes,yes,no
407,yes,no,no,no
408,N/A,N/A,N/A,N/A
409,N/A,N/A,N/A,N/A
410,N/A,N/A,N/A,N/A
411,N/A,N/A,N/A,N/A
412,yes,yes,yes,yes
413,yes,no,yes,no
414,yes,yes,yes,yes
415,yes,yes,yes,yes
416,yes,yes,yes,no
417,yes,no,yes,no
418,N/A,N/A,N/A,N/A
419,no,yes,no,no
420,N/A,N/A,N/A,N/A
421,N/A,N/A,N/A,N/A
422,yes,yes,yes,yes
423,N/A,N/A,N/A,N/A
424,yes,yes,yes,yes
425,yes,yes,no,no
426,N/A,N/A,N/A,N/A
427,N/A,N/A,N/A,N/A
428,no,yes,yes,no
429,no,yes,no,no
430,no,yes,yes,yes
431,no,yes,no,no
432,yes,no,yes,yes
433,N/A,N/A,N/A,N/A
434,no,yes,yes,yes
435,yes,no,yes,no
436,yes,yes,yes,yes
437,yes,no,yes,yes
438,N/A,N/A,N/A,N/A
439,N/A,N/A,N/A,N/A
440,no,no,no,no
441,N/A,N/A,N/A,N/A
442,yes,yes,yes,no
443,N/A,N/A,N/A,N/A
444,yes,yes,yes,yes
445,yes,no,yes,no
446,yes,yes,yes,yes
447,no,yes,yes,yes
448,yes,yes,yes,no
449,yes,yes,yes,no
450,yes,no,yes,yes
451,N/A,N/A,N/A,N/A
452,yes,yes,yes,yes
453,yes,yes,yes,no
454,N/A,N/A,N/A,N/A
455,yes,yes,no,no
456,no,yes,no,no
457,N/A,N/A,N/A,N/A
458,N/A,N/A,N/A,N/A
459,yes,yes,yes,yes
460,yes,yes,yes,yes
461,yes,yes,yes,yes
462,no,yes,no,no
463,N/A,N/A,N/A,N/A
464,no,yes,yes,yes
465,no,no,yes,no
466,yes,yes,no,no
467,yes,yes,yes,yes
468,yes,yes,yes,yes
469,no,no,no,no
470,yes,yes,yes,no
471,N/A,N/A,N/A,N/A
472,yes,yes,no,no
473,yes,yes,yes,no
474,no,no,no,no
475,N/A,N/A,N/A,N/A
476,no,no,no,no
477,yes,yes,yes,no
478,yes,yes,yes,yes
479,yes,yes,yes,no
480,N/A,N/A,N/A,N/A
481,N/A,N/A,N/A,N/A
482,yes,yes,yes,no
483,yes,yes,yes,yes
484,yes,yes,yes,no
485,no,yes,yes,yes
486,yes,yes,yes,yes
487,no,yes,yes,no
488,no,no,no,no
489,N/A,N/A,N/A,N/A
490,N/A,N/A,N/A,N/A
491,yes,yes,yes,yes
492,no,no,no,no
493,no,yes,no,no
494,yes,yes,yes,yes
495,yes,yes,yes,no
496,yes,yes,yes,yes
497,N/A,N/A,N/A,N/A
498,yes,yes,no,yes
499,N/A,N/A,N/A,N/A
500,yes,yes,no,no
501,no,yes,no,no
502,N/A,N/A,N/A,N/A
503,N/A,N/A,N/A,N/A
504,N/A,N/A,N/A,N/A
505,N/A,N/A,N/A,N/A
506,N/A,N/A,N/A,N/A
507,yes,no,yes,no
508,yes,yes,yes,no
509,N/A,N/A,N/A,N/A
510,no,yes,no,no
511,yes,yes,no,yes
512,yes,yes,yes,yes
513,yes,no,yes,no
514,no,yes,no,no
515,yes,yes,yes,yes
516,no,no,no,no
517,yes,yes,no,yes
518,yes,yes,yes,yes
519,N/A,N/A,N/A,N/A
520,N/A,N/A,N/A,N/A
521,N/A,N/A,N/A,N/A
522,yes,no,no,no
523,no,yes,yes,no
524,yes,yes,yes,yes
525,yes,yes,yes,yes
526,N/A,N/A,N/A,N/A
527,no,yes,no,no
528,N/A,N/A,N/A,N/A
529,yes,yes,yes,yes
530,no,no,no,no
531,N/A,N/A,N/A,N/A
532,N/A,N/A,N/A,N/A
533,N/A,N/A,N/A,N/A
534,yes,yes,yes,yes
535,yes,yes,yes,yes
536,yes,yes,yes,no
537,yes,yes,yes,yes
538,N/A,N/A,N/A,N/A
539,N/A,N/A,N/A,N/A
540,no,yes,no,no
541,N/A,N/A,N/A,N/A
542,yes,yes,yes,no
543,N/A,N/A,N/A,N/A
544,N/A,N/A,N/A,N/A
545,yes,yes,yes,yes
546,yes,yes,yes,no
547,N/A,N/A,N/A,N/A
548,yes,no,yes,yes
549,N/A,N/A,N/A,N/A
550,N/A,N/A,N/A,N/A
551,yes,yes,yes,yes
552,yes,yes,yes,yes
553,N/A,N/A,N/A,N/A
554,yes,yes,yes,no
555,no,no,yes,no
556,no,no,no,no
557,N/A,N/A,N/A,N/A
558,yes,yes,yes,yes
559,yes,no,no,no
560,no,no,yes,no
561,N/A,N/A,N/A,N/A
562,N/A,N/A,N/A,N/A
563,no,no,no,no
564,no,yes,yes,yes
565,yes,yes,yes,yes
566,N/A,N/A,N/A,N/A
567,N/A,N/A,N/A,N/A
568,no,yes,yes,no
569,yes,yes,yes,yes
570,yes,yes,yes,yes
571,yes,yes,yes,no
572,no,yes,yes,no
573,no,no,yes,no
574,N/A,N/A,N/A,N/A
575,yes,no,no,no
576,N/A,N/A,N/A,N/A
577,N/A,N/A,N/A,N/A
578,yes,no,no,no
579,yes,yes,yes,no
580,N/A,N/A,N/A,N/A
581,yes,yes,no,yes
582,yes,no,yes,no
583,N/A,N/A,N/A,N/A
584,yes,yes,yes,no
585,N/A,N/A,N/A,N/A
586,yes,yes,yes,yes
587,yes,yes,yes,yes
588,yes,yes,yes,no
589,N/A,N/A,N/A,N/A
590,yes,yes,yes,yes
591,N/A,N/A,N/A,N/A
592,yes,no,yes,no
593,yes,yes,yes,no
594,N/A,N/A,N/A,N/A
595,yes,yes,no,yes
596,yes,yes,yes,no
597,yes,no,no,no
598,yes,yes,yes,no
599,yes,yes,yes,no
600,no,yes,no,no
601,N/A,N/A,N/A,N/A
602,yes,yes,yes,yes
603,no,yes,no,no
604,yes,yes,yes,yes
605,N/A,N/A,N/A,N/A
606,N/A,N/A,N/A,N/A
607,N/A,N/A,N/A,N/A
608,yes,yes,no,no
609,N/A,N/A,N/A,N/A
610,yes,yes,yes,no
611,N/A,N/A,N/A,N/A
612,yes,yes,yes,no
613,N/A,N/A,N/A,N/A
614,yes,yes,yes,yes
615,N/A,N/A,N/A,N/A
616,yes,yes,yes,no
617,no,yes,no,no
618,N/A,N/A,N/A,N/A
619,yes,yes,no,yes
620,yes,no,yes,no
621,N/A,N/A,N/A,N/A
622,yes,yes,yes,yes
623,no,yes,no,yes
624,yes,yes,yes,yes
625,N/A,N/A,N/A,N/A
626,N/A,N/A,N/A,N/A
627,N/A,N/A,N/A,N/A
628,N/A,N/A,N/A,N/A
629,yes,yes,no,yes
630,yes,no,no,no
631,N/A,N/A,N/A,N/A
632,yes,yes,yes,yes
633,yes,yes,yes,no
634,no,yes,no,yes
635,yes,yes,yes,yes
636,no,yes,yes,no
637,no,yes,no,no
638,N/A,N/A,N/A,N/A
639,N/A,N/A,N/A,N/A
640,N/A,N/A,N/A,N/A
641,yes,yes,yes,no
642,no,yes,no,no
643,yes,yes,no,no
644,yes,yes,yes,yes
645,yes,yes,yes,yes
646,N/A,N/A,N/A,N/A
647,yes,yes,yes,no
648,N/A,N/A,N/A,N/A
649,no,no,no,no
650,yes,yes,yes,yes
651,N/A,N/A,N/A,N/A
652,yes,yes,yes,yes
653,yes,yes,no,yes
654,yes,yes,yes,yes
655,yes,yes,yes,yes
656,N/A,N/A,N/A,N/A
657,yes,yes,yes,yes
658,no,yes,yes,no
659,yes,yes,yes,yes
660,yes,yes,yes,yes
661,no,yes,yes,yes
662,yes,yes,yes,no
663,yes,no,no,yes
664,yes,yes,yes,no
665,N/A,N/A,N/A,N/A
666,yes,yes,yes,yes
667,yes,yes,yes,yes
668,N/A,N/A,N/A,N/A
669,N/A,N/A,N/A,N/A
670,yes,yes,yes,no
671,yes,yes,yes,no
672,yes,yes,yes,no
673,yes,yes,no,yes
674,N/A,N/A,N/A,N/A
675,yes,yes,no,yes
676,yes,yes,no,yes
677,yes,yes,yes,yes
678,yes,yes,no,no
679,yes,yes,yes,yes
680,N/A,N/A,N/A,N/A
681,N/A,N/A,N/A,N/A
682,yes,yes,yes,yes
683,yes,yes,yes,yes
684,N/A,N/A,N/A,N/A
685,yes,yes,yes,no
686,yes,yes,no,yes
687,N/A,N/A,N/A,N/A
688,N/A,N/A,N/A,N/A
689,yes,yes,yes,yes
690,no,yes,yes,no
691,yes,no,yes,no
692,no,no,no,no
693,yes,yes,yes,yes
694,yes,yes,yes,yes
695,N/A,N/A,N/A,N/A
696,N/A,N/A,N/A,N/A
697,yes,yes,yes,yes
698,yes,yes,no,no
699,no,yes,yes,no
700,N/A,N/A,N/A,N/A
701,N/A,N/A,N/A,N/A
702,N/A,N/A,N/A,N/A
703,yes,yes,yes,yes
704,yes,yes,yes,no
705,no,yes,yes,no
706,yes,yes,yes,no
707,yes,yes,yes,no
708,yes,yes,no,yes
709,yes,yes,yes,yes
710,yes,yes,yes,yes
711,yes,yes,no,yes
712,N/A,N/A,N/A,N/A
713,no,no,no,no
714,N/A,N/A,N/A,N/A
715,no,yes,yes,yes
716,yes,no,no,no
717,yes,N/A,N/A,N/A
